
-- ----------------------------
-- Records of course
-- ----------------------------
INSERT INTO `course` VALUES ('9db6a6b405cf45548e263a35129158a5', 'admin', '2021-09-24 09:44:34.668961', 1, NULL, NULL, '', '234234234');



-- ----------------------------
-- Records of data_item
-- ----------------------------
INSERT INTO `data_item` VALUES ('05407c6ded41400ebdccfa95681ef7da', 'admin', '2020-11-20 14:45:09.293000', 1, NULL, NULL, '3', NULL, 'c50aa804aa8000c9c474f930d794116e', 'c50aa804aa8000c9c474f930d794116e,13f9f080b780420996853822a6ed3193', '3', 3, '71352369576f4446a06d293c569bb1c2', '女', '1');
INSERT INTO `data_item` VALUES ('1ceb8cf86e584557a43001e8470fdfc6', 'admin', '2020-07-14 17:20:53.520000', 1, NULL, NULL, '', NULL, '', '1ceb8cf86e584557a43001e8470fdfc6', 'SBU', 1, '20ba4900385c4844891a8dae6bf0fd67', 'SBU', '1');
INSERT INTO `data_item` VALUES ('603f6a43e8004e598719a1f997ad5fab', 'admin', '2020-11-20 14:48:58.725000', 1, NULL, NULL, '1', NULL, 'c50aa804aa8000c9c474f930d794116e', 'c50aa804aa8000c9c474f930d794116e,603f6a43e8004e598719a1f997ad5fab', 'baba', 1, '20ba4900385c4844891a8dae6bf0fd67', '爸爸', '1');
INSERT INTO `data_item` VALUES ('6e178f1e52cc4f9e84d72a7b561db2e2', 'admin', '2020-11-20 14:44:59.332000', 1, NULL, NULL, '1', NULL, 'c50aa804aa8000c9c474f930d794116e', 'c50aa804aa8000c9c474f930d794116e,4e1ec37567034457a20341b6e705cc3a', '1', 1, '71352369576f4446a06d293c569bb1c2', '男', '1');
INSERT INTO `data_item` VALUES ('85fa13484148496fb74a3efd71b23c1b', 'admin', '2020-07-14 17:21:04.153000', 1, NULL, NULL, '', NULL, '', '85fa13484148496fb74a3efd71b23c1b', 'BU', 2, '20ba4900385c4844891a8dae6bf0fd67', 'BU', '1');
INSERT INTO `data_item` VALUES ('88bdd1c147bd42ea878df4bb0e475c71', 'admin', '2020-11-20 14:50:55.090000', 1, NULL, NULL, '4', NULL, 'f7d3c7e005194ff68ca20322ed245d59', 'b23f9f1d48704a13af90a45508c368e8,afe2800750af45e1bb72f445aa1480f0', 'ere', 4, '20ba4900385c4844891a8dae6bf0fd67', '妈妈', '1');
INSERT INTO `data_item` VALUES ('9c27fd6176314d5ea3de677285cedc0a', 'admin', '2020-11-20 14:51:17.028000', 0, 'admin', '2020-11-20 15:34:55.675000', '3', NULL, '', 'fb3f5a4e43934bff9c19bb4a8459ba7b', '1erf', 3, '20ba4900385c4844891a8dae6bf0fd67', '老爷', '1');
INSERT INTO `data_item` VALUES ('c35724f4ea4b4e41881eecc78c43fdbd', 'admin', '2020-11-20 14:50:30.355000', 1, NULL, NULL, '1', NULL, '603f6a43e8004e598719a1f997ad5fab', 'c50aa804aa8000c9c474f930d794116e,603f6a43e8004e598719a1f997ad5fab,c35724f4ea4b4e41881eecc78c43fdbd', 'ert', 43, '20ba4900385c4844891a8dae6bf0fd67', '女儿', '1');
INSERT INTO `data_item` VALUES ('c3f95ecd1bce4e51b7f3ed8f0becf830', 'admin', '2020-11-20 14:49:26.895000', 0, 'admin', '2020-11-20 15:34:38.220000', '1', NULL, '', 'be9830a0f67a4ec6809537f65ff6d9d2', 'er', 1, '20ba4900385c4844891a8dae6bf0fd67', '儿子', '1');
INSERT INTO `data_item` VALUES ('c50aa804aa8000c9c474f930d794116e', 'admin', '2019-04-04 10:28:37.000000', 1, NULL, NULL, '性别', NULL, '', 'c50aa804aa8000c9c474f930d794116e', '2', 2, '71352369576f4446a06d293c569bb1c2', '性别', '1');
INSERT INTO `data_item` VALUES ('f665f8741402484086f6e114d25fdd3c', 'admin', '2020-11-20 14:50:01.706000', 1, NULL, NULL, '2', NULL, '603f6a43e8004e598719a1f997ad5fab', 'c50aa804aa8000c9c474f930d794116e,603f6a43e8004e598719a1f997ad5fab,f665f8741402484086f6e114d25fdd3c', 'qw', 2, '20ba4900385c4844891a8dae6bf0fd67', '儿子', '1');
INSERT INTO `data_item` VALUES ('f7d3c7e005194ff68ca20322ed245d59', 'admin', '2020-11-20 14:48:42.239000', 1, NULL, NULL, '12', NULL, '', 'b23f9f1d48704a13af90a45508c368e8', '12', 12, '20ba4900385c4844891a8dae6bf0fd67', '爷爷', '1');


-- ----------------------------
-- Records of data_item_type
-- ----------------------------
INSERT INTO `data_item_type` VALUES ('20ba4900385c4844891a8dae6bf0fd67', 'admin', '2020-07-14 17:20:34.349000', 1, NULL, NULL, '部门类型', '部门类型');
INSERT INTO `data_item_type` VALUES ('71352369576f4446a06d293c569bb1c2', 'admin', '2020-06-11 16:51:14.479000', 1, 'admin', '2020-06-11 16:51:14.479000', '中文', '中文');
INSERT INTO `data_item_type` VALUES ('af598e2e3d9245bb99d330e98bb4dade', 'admin', '2020-07-15 10:15:40.931000', 1, NULL, NULL, '性别', '性别');


-- ----------------------------
-- Records of dept_info
-- ----------------------------
INSERT INTO `dept_info` VALUES ('227b237a8be04452abd223ed271f8189', NULL, '2018-04-26 13:20:13.000000', 1, NULL, '2019-03-29 16:03:16.000000', 'TDC', NULL, NULL, '227b237a8be04452abd223ed271f8189', NULL, 1, '公司', '1', 'TDC', 'TDC');
INSERT INTO `dept_info` VALUES ('cde254475a744d75ad3c24ba599f4890', NULL, '2019-03-18 17:27:01.000000', 1, NULL, '2018-12-29 13:46:18.000000', 'TDC', NULL, '227b237a8be04452abd223ed271f8189', '227b237a8be04452abd223ed271f8189,cde254475a744d75ad3c24ba599f4890', NULL, 12, '部门', '1', 'TDC', NULL);



-- ----------------------------
-- Records of menu
-- ----------------------------
INSERT INTO `menu` VALUES ('1c153daa9cd7400c8419e663b0eb473c', 'admin', '2020-07-14 16:14:38.718000', 1, NULL, NULL, '', NULL, NULL, NULL, '', NULL, NULL, NULL, 'menu', '/demo', 1, 'demo', 'Layout', 'setting');
INSERT INTO `menu` VALUES ('323c76618c6b56109bd490baf0d00902', NULL, '2019-03-05 11:33:13.000000', 1, NULL, '2019-07-29 16:47:50.000000', NULL, NULL, '90a127ce319d5d93b3b49c697cfa138f', '90a127ce319d5d93b3b49c697cfa138f,323c76618c6b56109bd490baf0d00902', NULL, NULL, NULL, NULL, 'menu', 'dept', 4, '机构管理', 'tdf/views/system-management/dept/main', 'dept');
INSERT INTO `menu` VALUES ('346c85e409b14e3f9517fbac7057476f', NULL, '2019-08-21 14:50:05.000000', 1, NULL, '2019-08-21 14:50:05.000000', '', NULL, 'd9369152df124e1aae855f743d3eedc8', 'da4c2695c36a50eab041735842b530e7,d9369152df124e1aae855f743d3eedc8,346c85e409b14e3f9517fbac7057476f', 'dictionary-multi/*', NULL, NULL, NULL, 'button', '', 1, '数据字典-按钮全部权限', NULL, 'setting');
INSERT INTO `menu` VALUES ('37b5c4f257ce4bfdbcf7d31a89d9fa2e', NULL, '2019-08-21 15:44:50.000000', 1, NULL, '2019-08-22 14:42:42.000000', '测试role-menu', NULL, '323c76618c6b56109bd490baf0d00902', '90a127ce319d5d93b3b49c697cfa138f,323c76618c6b56109bd490baf0d00902,37b5c4f257ce4bfdbcf7d31a89d9fa2e', 'dept/*', NULL, NULL, NULL, 'button', '', 1, '部门-按钮所有权限', NULL, '');
INSERT INTO `menu` VALUES ('3de22ff390ab5d06bafcce547ff780bb', NULL, '2019-03-05 11:33:13.000000', 1, NULL, '2019-07-29 16:47:51.000000', NULL, NULL, '90a127ce319d5d93b3b49c697cfa138f', '90a127ce319d5d93b3b49c697cfa138f,3de22ff390ab5d06bafcce547ff780bb', NULL, NULL, NULL, NULL, 'menu', 'group', 1, '用户组管理', 'tdf/views/system-management/group/main', 'user-group');
INSERT INTO `menu` VALUES ('68b62115036e4bcf8a666e207aef2e33', NULL, '2019-08-21 15:25:38.000000', 1, NULL, '2019-08-21 15:25:38.000000', '', NULL, 'b837b164e8f1443b9a5dae27c8611a06', '90a127ce319d5d93b3b49c697cfa138f,b837b164e8f1443b9a5dae27c8611a06,68b62115036e4bcf8a666e207aef2e33', 'log/*', NULL, NULL, NULL, 'button', '', 1, '日志列表-按钮全部权限', NULL, '');
INSERT INTO `menu` VALUES ('6ecb9fd6e70f50b2be035485928b5cd6', NULL, '2019-03-05 11:33:13.000000', 1, NULL, '2019-07-29 16:47:40.000000', NULL, NULL, 'da4c2695c36a50eab041735842b530e7', 'da4c2695c36a50eab041735842b530e7,6ecb9fd6e70f50b2be035485928b5cd6', NULL, NULL, NULL, NULL, 'menu', 'menu', 7, '菜单管理', 'tdf/views/system-management/menu/main', 'auth-menu');
INSERT INTO `menu` VALUES ('8bdc5038a6585fd2b5d3ef7b1e4bf4e1', NULL, '2019-03-05 11:33:13.000000', 1, NULL, '2019-07-29 16:47:53.000000', NULL, NULL, '90a127ce319d5d93b3b49c697cfa138f', '90a127ce319d5d93b3b49c697cfa138f,8bdc5038a6585fd2b5d3ef7b1e4bf4e1', NULL, NULL, NULL, NULL, 'menu', 'user', 2, '用户管理', 'tdf/views/system-management/user/main', 'user');
INSERT INTO `menu` VALUES ('8eacf685bedb40519f5259209e4f6a8f', NULL, '2019-08-21 15:47:33.000000', 1, NULL, '2019-08-21 15:47:33.000000', '', NULL, '8bdc5038a6585fd2b5d3ef7b1e4bf4e1', '90a127ce319d5d93b3b49c697cfa138f,8bdc5038a6585fd2b5d3ef7b1e4bf4e1,8eacf685bedb40519f5259209e4f6a8f', 'user/*', NULL, NULL, NULL, 'button', '', 1, '用户-按钮所有权限', NULL, '');
INSERT INTO `menu` VALUES ('8fb8fbc2613345c78e99f2ec4b284741', 'admin', '2020-07-15 13:50:44.857000', 1, NULL, NULL, '', NULL, 'a7e059d117b4438586ddb567d7fc584b', NULL, 'student/*', NULL, NULL, NULL, 'button', '', 1, '学生按钮权限', '', 'setting');
INSERT INTO `menu` VALUES ('90a127ce319d5d93b3b49c697cfa138f', NULL, '2019-03-05 11:33:13.000000', 1, NULL, '2019-07-23 10:48:40.000000', NULL, NULL, NULL, '90a127ce319d5d93b3b49c697cfa138f', NULL, NULL, NULL, NULL, 'menu', '/system', 1, '系统管理', 'Layout', 'setting');
INSERT INTO `menu` VALUES ('a7e059d117b4438586ddb567d7fc584b', 'admin', '2020-07-14 16:15:57.112000', 1, NULL, NULL, '', NULL, '1c153daa9cd7400c8419e663b0eb473c', NULL, '', NULL, NULL, NULL, 'menu', 'student', 2, 'student', 'demo/views/student/main', 'user');
INSERT INTO `menu` VALUES ('a80f3f63631e4beab8306831c2e54256', 'admin', '2020-07-14 16:18:29.065000', 1, NULL, NULL, '', NULL, '1c153daa9cd7400c8419e663b0eb473c', NULL, '', NULL, NULL, NULL, 'menu', 'course', 2, 'course', 'demo/views/course/main', 'user');
INSERT INTO `menu` VALUES ('ac1262624a6042d792b3c9fc6ab4a7a6', 'admin', '2020-07-14 16:19:43.368000', 1, NULL, NULL, '', NULL, '1c153daa9cd7400c8419e663b0eb473c', NULL, '', NULL, NULL, NULL, 'menu', 'classGrade', 3, 'classGrade', 'demo/views/classGrade/main', 'user');
INSERT INTO `menu` VALUES ('b837b164e8f1443b9a5dae27c8611a06', NULL, '2019-03-05 11:33:13.000000', 1, NULL, '2019-07-29 16:47:39.000000', NULL, NULL, '90a127ce319d5d93b3b49c697cfa138f', '90a127ce319d5d93b3b49c697cfa138f,b837b164e8f1443b9a5dae27c8611a06', NULL, NULL, NULL, NULL, 'menu', 'log', 5, '业务日志', 'tdf/views/system-management/logs/main', 'logs');
INSERT INTO `menu` VALUES ('be87d0711de047efaffeef3c123b7f00', NULL, '2019-06-28 08:15:14.000000', 1, NULL, '2019-06-28 08:15:14.000000', '1', NULL, 'be87d0711de047efaffeef3c123b7f30', 'be87d0711de047efaffeef3c123b7f30,be87d0711de047efaffeef3c123b7f00', '1', NULL, NULL, NULL, 'menu', '/index', 0, 'TDF', 'tdf/views/dashboard/index', 'index');
INSERT INTO `menu` VALUES ('be87d0711de047efaffeef3c123b7f30', '', '2019-06-28 08:15:14.000000', 1, '', '2019-06-28 08:15:14.000000', '1', NULL, NULL, 'be87d0711de047efaffeef3c123b7f30', '1', '', '', '', 'menu', '', 0, '', 'Layout', 'index');
INSERT INTO `menu` VALUES ('cb69ec0627bc40669534a85157027eeb', 'admin', '2020-05-13 17:30:39.000000', 1, NULL, NULL, '', NULL, 'da4c2695c36a50eab041735842b530e7', 'da4c2695c36a50eab041735842b530e7,cb69ec0627bc40669534a85157027eeb', '', NULL, NULL, NULL, 'menu', 'data-item-type', 3, '数据字典类型', 'tdf/views/system-management/dictionary-type/main', 'setting');
INSERT INTO `menu` VALUES ('d2249f50a3235286b173663a6c45122d', NULL, '2019-03-05 11:33:13.000000', 1, NULL, '2019-07-29 16:47:44.000000', NULL, NULL, '90a127ce319d5d93b3b49c697cfa138f', '90a127ce319d5d93b3b49c697cfa138f,d2249f50a3235286b173663a6c45122d,f06def714b63426ba08b7685811e17a5', NULL, NULL, NULL, NULL, 'menu', 'role', 3, '角色管理', 'tdf/views/system-management/role/main', 'user-role');
INSERT INTO `menu` VALUES ('d9369152df124e1aae855f743d3eedc8', NULL, '2019-03-05 11:33:13.000000', 1, NULL, '2019-07-29 16:47:44.000000', NULL, NULL, 'da4c2695c36a50eab041735842b530e7', 'da4c2695c36a50eab041735842b530e7,d9369152df124e1aae855f743d3eedc8', NULL, NULL, NULL, NULL, 'menu', 'dictionary-multi', 9, '数据字典', 'tdf/views/system-management/dictionary/multiMain', 'dictionary-multi');
INSERT INTO `menu` VALUES ('d97e9384995841789b25914542c74f77', NULL, '2019-08-21 15:23:24.000000', 1, NULL, '2019-08-21 15:23:24.000000', '', NULL, '22fc466264e65171a7631b2079a2b7f6', 'd97e9384995841789b25914542c74f77', 'dictionary-single/*', NULL, NULL, NULL, 'button', '', 1, '单级菜单-按钮全部权限', NULL, 'setting');
INSERT INTO `menu` VALUES ('da4c2695c36a50eab041735842b530e7', NULL, '2019-03-05 11:33:13.000000', 1, NULL, '2019-07-30 10:02:19.000000', NULL, NULL, NULL, 'da4c2695c36a50eab041735842b530e7', NULL, NULL, NULL, NULL, 'menu', '/dictionary-setting', 2, '资源管理', 'Layout', 'dictionary-setting');
INSERT INTO `menu` VALUES ('f06def714b63426ba08b7685811e17a5', NULL, '2019-08-15 17:07:19.000000', 1, NULL, '2019-08-15 17:07:19.000000', '', NULL, 'd2249f50a3235286b173663a6c45122d', '90a127ce319d5d93b3b49c697cfa138f,d2249f50a3235286b173663a6c45122d', 'role/*', NULL, NULL, NULL, 'button', '', 1, '角色-按钮全部权限', NULL, 'setting');
INSERT INTO `menu` VALUES ('f57723e59a09451f9faaa3bc6b92ca88', '', '2019-08-15 13:20:35.000000', 1, '', '2019-08-15 13:20:35.000000', '', NULL, '6ecb9fd6e70f50b2be035485928b5cd6', 'da4c2695c36a50eab041735842b530e7,6ecb9fd6e70f50b2be035485928b5cd6,f57723e59a09451f9faaa3bc6b92ca88', 'menu/*', '', '', '', 'button', '', 1, '菜单-按钮所有权限', '', 'setting');
INSERT INTO `menu` VALUES ('f69376890058460aa38f7581fa2f36da', NULL, '2019-08-21 15:47:03.000000', 1, NULL, '2019-08-21 15:47:03.000000', '', NULL, '3de22ff390ab5d06bafcce547ff780bb', '90a127ce319d5d93b3b49c697cfa138f,3de22ff390ab5d06bafcce547ff780bb,f69376890058460aa38f7581fa2f36da', 'group/*', NULL, NULL, NULL, 'button', '', 1, '用户组-按钮所有权限', NULL, '');


-- ----------------------------
-- Records of role
-- ----------------------------
INSERT INTO `role` VALUES ('5b66ecf45d634159a08468898b1b3217', NULL, '2018-03-02 16:12:07.000000', 1, NULL, '2019-07-29 13:56:58.000000', NULL, NULL, NULL, 'ROLE_ADMIN');
INSERT INTO `role` VALUES ('cc377e1b32e74e71953ddcd595d5498b', NULL, '2019-08-07 13:34:58.000000', 1, NULL, '2019-07-08 13:59:53.000000', '1', NULL, 1, 'ROLE_USER');



-- ----------------------------
-- Records of role_menu
-- ----------------------------
INSERT INTO `role_menu` VALUES ('5b66ecf45d634159a08468898b1b32171c153daa9cd7400c8419e663b0eb473c', '1c153daa9cd7400c8419e663b0eb473c', '5b66ecf45d634159a08468898b1b3217');
INSERT INTO `role_menu` VALUES ('5b66ecf45d634159a08468898b1b3217323c76618c6b56109bd490baf0d00902', '323c76618c6b56109bd490baf0d00902', '5b66ecf45d634159a08468898b1b3217');
INSERT INTO `role_menu` VALUES ('5b66ecf45d634159a08468898b1b3217346c85e409b14e3f9517fbac7057476f', '346c85e409b14e3f9517fbac7057476f', '5b66ecf45d634159a08468898b1b3217');
INSERT INTO `role_menu` VALUES ('5b66ecf45d634159a08468898b1b321737b5c4f257ce4bfdbcf7d31a89d9fa2e', '37b5c4f257ce4bfdbcf7d31a89d9fa2e', '5b66ecf45d634159a08468898b1b3217');
INSERT INTO `role_menu` VALUES ('5b66ecf45d634159a08468898b1b32173a7fd63c81304f5c82a7681fd892fdd6', '3a7fd63c81304f5c82a7681fd892fdd6', '5b66ecf45d634159a08468898b1b3217');
INSERT INTO `role_menu` VALUES ('5b66ecf45d634159a08468898b1b32173de22ff390ab5d06bafcce547ff780bb', '3de22ff390ab5d06bafcce547ff780bb', '5b66ecf45d634159a08468898b1b3217');
INSERT INTO `role_menu` VALUES ('5b66ecf45d634159a08468898b1b321768b62115036e4bcf8a666e207aef2e33', '68b62115036e4bcf8a666e207aef2e33', '5b66ecf45d634159a08468898b1b3217');
INSERT INTO `role_menu` VALUES ('5b66ecf45d634159a08468898b1b32176ecb9fd6e70f50b2be035485928b5cd6', '6ecb9fd6e70f50b2be035485928b5cd6', '5b66ecf45d634159a08468898b1b3217');
INSERT INTO `role_menu` VALUES ('5b66ecf45d634159a08468898b1b32177094928c2f4740c78ace4cd7bd3e733e', '7094928c2f4740c78ace4cd7bd3e733e', '5b66ecf45d634159a08468898b1b3217');
INSERT INTO `role_menu` VALUES ('5b66ecf45d634159a08468898b1b32178bdc5038a6585fd2b5d3ef7b1e4bf4e1', '8bdc5038a6585fd2b5d3ef7b1e4bf4e1', '5b66ecf45d634159a08468898b1b3217');
INSERT INTO `role_menu` VALUES ('5b66ecf45d634159a08468898b1b32178eacf685bedb40519f5259209e4f6a8f', '8eacf685bedb40519f5259209e4f6a8f', '5b66ecf45d634159a08468898b1b3217');
INSERT INTO `role_menu` VALUES ('5b66ecf45d634159a08468898b1b32178f13fa7aa1dd40e181568e870a6a2d03', '8f13fa7aa1dd40e181568e870a6a2d03', '5b66ecf45d634159a08468898b1b3217');
INSERT INTO `role_menu` VALUES ('5b66ecf45d634159a08468898b1b32178fb8fbc2613345c78e99f2ec4b284741', '8fb8fbc2613345c78e99f2ec4b284741', '5b66ecf45d634159a08468898b1b3217');
INSERT INTO `role_menu` VALUES ('5b66ecf45d634159a08468898b1b321790a127ce319d5d93b3b49c697cfa138f', '90a127ce319d5d93b3b49c697cfa138f', '5b66ecf45d634159a08468898b1b3217');
INSERT INTO `role_menu` VALUES ('5b66ecf45d634159a08468898b1b3217a7e059d117b4438586ddb567d7fc584b', 'a7e059d117b4438586ddb567d7fc584b', '5b66ecf45d634159a08468898b1b3217');
INSERT INTO `role_menu` VALUES ('5b66ecf45d634159a08468898b1b3217a80f3f63631e4beab8306831c2e54256', 'a80f3f63631e4beab8306831c2e54256', '5b66ecf45d634159a08468898b1b3217');
INSERT INTO `role_menu` VALUES ('5b66ecf45d634159a08468898b1b3217ac1262624a6042d792b3c9fc6ab4a7a6', 'ac1262624a6042d792b3c9fc6ab4a7a6', '5b66ecf45d634159a08468898b1b3217');
INSERT INTO `role_menu` VALUES ('5b66ecf45d634159a08468898b1b3217b56cc0c761504142b0cca3f0eb3b43a4', 'b56cc0c761504142b0cca3f0eb3b43a4', '5b66ecf45d634159a08468898b1b3217');
INSERT INTO `role_menu` VALUES ('5b66ecf45d634159a08468898b1b3217b837b164e8f1443b9a5dae27c8611a06', 'b837b164e8f1443b9a5dae27c8611a06', '5b66ecf45d634159a08468898b1b3217');
INSERT INTO `role_menu` VALUES ('5b66ecf45d634159a08468898b1b3217be87d0711de047efaffeef3c123b7f00', 'be87d0711de047efaffeef3c123b7f00', '5b66ecf45d634159a08468898b1b3217');
INSERT INTO `role_menu` VALUES ('5b66ecf45d634159a08468898b1b3217be87d0711de047efaffeef3c123b7f30', 'be87d0711de047efaffeef3c123b7f30', '5b66ecf45d634159a08468898b1b3217');
INSERT INTO `role_menu` VALUES ('5b66ecf45d634159a08468898b1b3217cb69ec0627bc40669534a85157027eeb', 'cb69ec0627bc40669534a85157027eeb', '5b66ecf45d634159a08468898b1b3217');
INSERT INTO `role_menu` VALUES ('5b66ecf45d634159a08468898b1b3217d2249f50a3235286b173663a6c45122d', 'd2249f50a3235286b173663a6c45122d', '5b66ecf45d634159a08468898b1b3217');
INSERT INTO `role_menu` VALUES ('5b66ecf45d634159a08468898b1b3217d9369152df124e1aae855f743d3eedc8', 'd9369152df124e1aae855f743d3eedc8', '5b66ecf45d634159a08468898b1b3217');
INSERT INTO `role_menu` VALUES ('5b66ecf45d634159a08468898b1b3217da4c2695c36a50eab041735842b530e7', 'da4c2695c36a50eab041735842b530e7', '5b66ecf45d634159a08468898b1b3217');
INSERT INTO `role_menu` VALUES ('5b66ecf45d634159a08468898b1b3217f06def714b63426ba08b7685811e17a5', 'f06def714b63426ba08b7685811e17a5', '5b66ecf45d634159a08468898b1b3217');
INSERT INTO `role_menu` VALUES ('5b66ecf45d634159a08468898b1b3217f33d83225bef590d81f61a5afcbbca14', 'f33d83225bef590d81f61a5afcbbca14', '5b66ecf45d634159a08468898b1b3217');
INSERT INTO `role_menu` VALUES ('5b66ecf45d634159a08468898b1b3217f57723e59a09451f9faaa3bc6b92ca88', 'f57723e59a09451f9faaa3bc6b92ca88', '5b66ecf45d634159a08468898b1b3217');
INSERT INTO `role_menu` VALUES ('5b66ecf45d634159a08468898b1b3217f69376890058460aa38f7581fa2f36da', 'f69376890058460aa38f7581fa2f36da', '5b66ecf45d634159a08468898b1b3217');
INSERT INTO `role_menu` VALUES ('cc377e1b32e74e71953ddcd595d5498bb56cc0c761504142b0cca3f0eb3b43a4', 'b56cc0c761504142b0cca3f0eb3b43a4', 'cc377e1b32e74e71953ddcd595d5498b');


-- ----------------------------
-- Records of role_user
-- ----------------------------
INSERT INTO `role_user` VALUES ('5b66ecf45d634159a08468898b1b32176613831cac9e4597abbd0138116a8f3c', '5b66ecf45d634159a08468898b1b3217', '6613831cac9e4597abbd0138116a8f3c');



-- ----------------------------
-- Records of school_grade
-- ----------------------------
INSERT INTO `school_grade` VALUES ('17da903ce8094cd39206bf65ac77e22a', 'admin', '2021-09-23 15:10:47.191000', 1, NULL, NULL, '', NULL, '68a79eda653845278bc34ffcf7733cfb', '68a79eda653845278bc34ffcf7733cfb,17da903ce8094cd39206bf65ac77e22a', '24243', NULL, NULL);
INSERT INTO `school_grade` VALUES ('68a79eda653845278bc34ffcf7733cfb', 'admin', '2021-09-23 15:10:30.487000', 1, NULL, NULL, '', NULL, NULL, '68a79eda653845278bc34ffcf7733cfb', '34', NULL, NULL);
INSERT INTO `school_grade` VALUES ('bbf887ec95e84040ba03e691d332fb2e', 'admin', '2021-09-23 15:10:37.691000', 1, NULL, NULL, '', NULL, '68a79eda653845278bc34ffcf7733cfb', '68a79eda653845278bc34ffcf7733cfb,bbf887ec95e84040ba03e691d332fb2e', '24', NULL, NULL);


-- ----------------------------
-- Records of student
-- ----------------------------
INSERT INTO `student` VALUES ('99a31ead60074ed5a70a63a846d5dd58', 'admin', '2021-09-24 09:43:38.176627', 1, NULL, NULL, '', '17da903ce8094cd39206bf65ac77e22a', '24243', '123123', '05407c6ded41400ebdccfa95681ef7da');



-- ----------------------------
-- Records of user_group
-- ----------------------------
INSERT INTO `user_group` VALUES ('04de3dd663fd47cf9deea06a5a476614', NULL, '2019-07-08 09:36:44.000000', 1, NULL, '2019-08-07 13:38:41.000000', '1', 1, '用户组', '1');



-- ----------------------------
-- Records of user_info
-- ----------------------------
INSERT INTO `user_info` VALUES ('6613831cac9e4597abbd0138116a8f3c', NULL, '2019-08-07 13:30:16.000000', 1, NULL, '2019-07-15 15:25:52.000000', '', '', 'user_admin.jpg', NULL, NULL, '2012-06-15 14:45', NULL, 'example@email.com', NULL, '0', '', NULL, 'admin', 'nickname', '$2a$10$puBHZpl2vUzGOVijjUssO.JQOijRVA6GqJDEgnCYCbROIzMMFQ.Ca', '', '1', '', 1, NULL, '管理员');


